{"cameraMode":{"drawMode":0,"name":"Shaded","section":"Shading Mode"},"sceneLighting":false,"audioPlay":false,"sceneViewState":{"m_AlwaysRefresh":false,"showFog":true,"showSkybox":false,"showFlares":true,"showImageEffects":true,"showParticleSystems":true,"showVisualEffectGraphs":true,"m_FxEnabled":true},"in2DMode":false,"pivot":{"x":27.63422966003418,"y":19.375761032104493,"z":20.285743713378908},"rotation":{"x":0.23962746560573579,"y":-0.24809762835502625,"z":0.06350737065076828,"w":0.9365183115005493},"size":0.8660253882408142,"orthographic":false}